<?xml version="1.0" encoding="UTF-8"?>
<project-private xmlns="http://www.netbeans.org/ns/project-private/1">
    <editor-bookmarks xmlns="http://www.netbeans.org/ns/editor-bookmarks/2" lastBookmarkId="0"/>
    <open-files xmlns="http://www.netbeans.org/ns/projectui-open-files/2">
        <group>
            <file>file:/home/hissa/NetBeansProjects/AulaTestesUnitarios/src/Main.java</file>
            <file>file:/home/hissa/NetBeansProjects/AulaTestesUnitarios/test/AllTests.java</file>
            <file>file:/home/hissa/NetBeansProjects/AulaTestesUnitarios/test/ReajusteServiceTst.java</file>
            <file>file:/home/hissa/NetBeansProjects/AulaTestesUnitarios/src/services/BonusService.java</file>
            <file>file:/home/hissa/NetBeansProjects/AulaTestesUnitarios/src/models/Funcionario.java</file>
            <file>file:/home/hissa/NetBeansProjects/AulaTestesUnitarios/src/services/ReajusteService.java</file>
            <file>file:/home/hissa/NetBeansProjects/AulaTestesUnitarios/src/models/Desempenho.java</file>
            <file>file:/home/hissa/NetBeansProjects/AulaTestesUnitarios/test/BonusServiceTest.java</file>
        </group>
    </open-files>
</project-private>
